Region,Percent of Total
Asia & Oceania,0.4997580280138473
North America,0.19082956486176403
Europe,0.13533752982911626
Eurasia,0.056127813728196745
Central & South America,0.04604960559718329
Middle East,0.043779626388405046
Africa,0.028117831581487257
